날짜,설비,줄,셋업,수량,개_per_셋업
2026-08-13,GX7,5,5,46,9.2
2026-08-14,FG,3,3,56,18.67
2026-08-14,GX7,4,3,38,12.67
2026-08-18,FG,7,6,53,8.83
2026-08-18,GX7,3,2,36,18.0
2026-08-19,FG,5,5,43,8.6
2026-08-19,GX7,5,5,31,6.2
2026-08-20,FG,6,4,26,6.5
2026-08-20,GX7,5,3,19,6.33
2026-08-21,FG,12,9,37,4.11
2026-08-21,GX7,8,7,28,4.0
2026-08-24,FG,6,4,54,13.5
2026-08-24,GX7,9,9,27,3.0
2026-08-25,FG,1,1,20,20.0
2026-08-25,GX7,2,2,14,7.0
2026-08-27,FG,5,4,20,5.0
2026-08-27,GX7,12,9,28,3.11
2026-08-28,FG,11,8,49,6.12
2026-08-28,GX7,6,5,38,7.6
2026-08-31,FG,3,3,40,13.33
2026-08-31,GX7,3,2,27,13.5
2026-09-01,FG,4,4,49,12.25
2026-09-01,GX7,8,8,22,2.75
2026-09-02,FG,4,4,36,9.0
2026-09-02,GX7,7,6,19,3.17
2026-09-03,FG,5,5,45,9.0
2026-09-03,GX7,4,4,7,1.75
2026-09-04,FG,2,1,34,34.0
2026-09-04,GX7,4,4,5,1.25
2026-09-07,FG,3,2,42,21.0
2026-09-07,GX7,21,20,43,2.15
2026-09-08,FG,2,2,25,12.5
2026-09-08,GX7,2,2,13,6.5
2026-09-09,FG,4,4,18,4.5
2026-09-09,GX7,1,1,10,10.0
2026-09-10,FG,16,16,35,2.19
2026-09-10,GX7,6,6,21,3.5
2026-09-11,FG,6,5,27,5.4
2026-09-11,GX7,11,10,14,1.4
2026-09-14,FG,1,1,10,10.0
2026-09-14,GX7,4,4,6,1.5
2026-09-15,FG,2,2,13,6.5
2026-09-15,GX7,2,2,2,1.0
2026-09-16,FG,6,6,16,2.67
2026-09-16,GX7,11,10,15,1.5
2026-09-17,FG,2,2,26,13.0
2026-09-17,GX7,2,2,40,20.0
2026-09-18,FG,4,2,33,16.5
2026-09-18,GX7,4,2,30,15.0
2026-09-21,FG,5,4,45,11.25
2026-09-21,GX7,9,8,27,3.38
2026-09-22,FG,6,6,25,4.17
2026-09-22,GX7,4,4,18,4.5
2026-09-23,FG,6,4,16,4.0
2026-09-23,GX7,1,1,15,15.0
2026-09-28,FG,10,9,41,4.56
2026-09-28,GX7,11,8,48,6.0
2026-09-29,FG,16,14,33,2.36
2026-09-29,GX7,14,12,35,2.92
2026-09-30,FG,4,4,60,15.0
2026-09-30,GX7,4,3,34,11.33
2026-10-01,FG,10,7,49,7.0
2026-10-01,GX7,6,5,37,7.4
2026-10-02,FG,5,3,60,20.0
2026-10-02,GX7,7,6,36,6.0
2026-10-06,FG,9,8,43,5.38
2026-10-06,GX7,4,4,40,10.0
2026-10-07,GX7,1,1,7,7.0
