날짜,회차,미출하_건,미출하_개,지연_건,임박_건,FG_품목,FG_개,FG_셋업,GX7_품목,GX7_개,GX7_셋업,셋업_합계
2026-07-07,14:21,,,,,,,,,,,
2026-07-08,07:53,,,,,,,,,,,
2026-07-09,07:50,,,,,,,,,,,
2026-07-10,08:00,,,,,,,,,,,
2026-07-13,07:53,,,,,,,,,,,
2026-07-14,07:51,,,,,,,,,,,
2026-07-15,07:53,,,,,,,,,,,
2026-07-16,07:54,,,,,,,,,,,
2026-07-20,07:57,,,,,,,,,,,
2026-07-21,07:55,,,,,,,,,,,
2026-07-22,07:54,,,,,,,,,,,
2026-07-23,07:51,,,,,,,,,,,
2026-07-24,07:51,,,,,,,,,,,
2026-07-27,07:54,,,,,,,,,,,
2026-07-28,07:51,,,,,,,,,,,
2026-07-29,12:25,,,,,,,,,,,
2026-07-30,07:44,,,,,,,,,,,
2026-07-31,08:01,,,,,,,,,,,
2026-08-06,07:51,,,,,,,,,,,
2026-08-07,07:53,,,,,,,,,,,
2026-08-10,07:53,,,,,,,,,,,
2026-08-11,08:01,,,,,,,,,,,
2026-08-12,07:54,,,,,,,,,,,
2026-08-13,07:49,,,,,,,,,,,
2026-08-14,07:55,,,,,,,,,,,
2026-08-15,17:00,,,,,,,,,,,
2026-08-16,17:00,,,,,,,,,,,
2026-08-17,17:00,,,,,,,,,,,
2026-08-18,17:00,,,,,,,,,,,
2026-08-19,17:00,,,,,,,,,,,
2026-08-20,17:00,,,,,,,,,,,
2026-08-24,07:55,,,,,,,,,,,
2026-08-25,07:58,,,,,,,,,,,
2026-08-26,17:00,,,,,,,,,,,
2026-08-28,08:00,,,,,,,,,,,
2026-08-31,07:52,,,,,,,,,,,
2026-09-01,07:51,,,,,,,,,,,
2026-09-02,07:54,,,,,,,,,,,
2026-09-03,16:00,,,,,,,,,,,
2026-09-04,07:55,,,,,,,,,,,
2026-09-07,07:53,39,1117,14,18,,,,,,,
2026-09-08,07:50,36,1034,15,11,,,,,,,
2026-09-09,07:56,35,952,19,2,,,,,,,
2026-09-10,07:54,32,942,16,2,,,,,,,
2026-09-11,07:53,34,950,14,7,,,,,,,
2026-09-14,07:55,35,1065,14,10,,,,,,,
2026-09-15,07:57,42,1212,14,6,,,,,,,
2026-09-16,07:55,43,1259,14,6,,,,,,,
2026-09-17,07:55,43,1264,5,7,,,,,,,
2026-09-18,07:57,41,1406,8,5,,,,,,,
2026-09-21,07:57,45,1402,7,13,,,,,,,
2026-09-22,07:51,47,1467,10,10,,,,,,,
2026-09-23,07:55,41,1463,6,8,,,,,,,
2026-09-28,08:00,36,1448,11,17,,,,,,,
2026-09-29,08:01,39,1363,21,6,44,320,20,107,449,59,79
