판정일,평가창,자동화,산출률,도달,활용,유지비용_결정수,판정,근거
2026-10-07,2026-09-09~10-07,PC 16:00 실행,18/18,현황판·일일보고 파일,일일보고 집계 대체,6,유지,wiki/reports/daily/*_일일보고.xlsx
2026-10-07,2026-09-28~10-07,장비별 투입 목록,14/14,사내 현황판,확인 목록 5/5 · 규칙 보강 7,11,유지,generate.log · decisions
2026-10-07,2026-10-01,월초 마감 점검,1/1,대화 세션,출하현황 반영 · 핸드오프 재정리,0,유지,worklog 10-01 (2)
2026-10-07,2026-09-28~10-07,아침 브리핑,월요일 0/2,푸시 거의 안 봄 · 메일 휴지통,미확인,4,관찰,한경준님 답 10-07 · Gmail
2026-10-07,2026-09-28~10-06,일일 작업 내용 정리,0/6,미도달,0,1,중단,raw/cowork-daily-reports/
2026-10-07,2026-09-01~10-07,일일보고 점검,23/23,worklog 블록,실제 누락 발견 0,0,중단,worklog · worklog-archive/2026-09
2026-10-07,2026-09-09~10-07,금요일 마무리 점검,실행,푸시,0,1,중단,decisions · 아침 브리핑과 중복
2026-10-07,2026-09-06~10-07,ERP 알림 메일 2종,매일,0/48 (휴지통),0,0,중단,Gmail 라벨 실측
2026-10-07,2026-09-14~09-15,사내 배포 실패 메일,3,0/3 (휴지통),0,-,판단 대기,Gmail 라벨 실측
2026-10-07,2026-10-06,B2B 고객 폼 5종,연결 확인,시트·메일,고객 접수 0 (확인 필요),4,관찰,사내 현황판 접수현황
2026-10-07,-,GitHub 토큰 만료 알림,미발사,-,-,-,유지,11-19 · 11-26
2026-10-07(정정),2026-09-14~09-15,사내 배포 실패 메일,3,3/3 읽음 (읽은 뒤 삭제),실패를 보고 조치(decisions 09-14),-,유지,Gmail 라벨 재확인 — UNREAD 없음
